Date,Canal,Budget,Impressions,Clics,Conversions,Chiffre_Affaires,CPC,CPA,ROI,Mois,Jour_Semaine,Facteur_Saisonnier,Budget_Total_Semaine
2022-01-01,Facebook,468.22,55052,1355,49,751.7,0.35,9.56,0.605,1,5,0.7,2099.34
2022-01-01,Google_Ads,640.22,88605,1317,46,1007.56,0.49,13.92,0.574,1,5,0.7,2099.34
2022-01-01,Radio_Locale,628.22,141367,120,1,9.74,5.24,628.22,-0.984,1,5,0.7,2099.34
2022-01-01,Flyers,362.68,146929,699,14,183.26,0.52,25.91,-0.495,1,5,0.7,2099.34
2022-01-08,Facebook,301.65,31114,698,9,95.19,0.43,33.52,-0.684,1,5,0.7,1608.07
2022-01-08,Google_Ads,508.51,36321,1168,34,792.58,0.44,14.96,0.559,1,5,0.7,1608.07
2022-01-08,Radio_Locale,461.88,79666,110,2,25.99,4.2,230.94,-0.944,1,5,0.7,1608.07
2022-01-08,Flyers,336.03,148912,1239,18,181.31,0.27,18.67,-0.46,1,5,0.7,1608.07
2022-01-15,Facebook,427.4,84577,1482,51,1187.91,0.29,8.38,1.779,1,5,0.7,1500.0
2022-01-15,Google_Ads,449.39,31883,773,46,865.7,0.58,9.77,0.926,1,5,0.7,1500.0
2022-01-15,Radio_Locale,332.29,107461,100,2,23.21,3.32,166.14,-0.93,1,5,0.7,1500.0
2022-01-15,Flyers,290.92,155510,741,13,144.69,0.39,22.38,-0.503,1,5,0.7,1500.0
2022-01-22,Facebook,456.12,52132,590,35,415.43,0.77,13.03,-0.089,1,5,0.7,1994.7
2022-01-22,Google_Ads,761.11,46923,2444,64,1457.53,0.31,11.89,0.915,1,5,0.7,1994.7
2022-01-22,Radio_Locale,408.5,107658,138,1,14.6,2.96,408.5,-0.964,1,5,0.7,1994.7
2022-01-22,Flyers,368.97,150439,1246,2,18.0,0.3,184.48,-0.951,1,5,0.7,1994.7
2022-01-29,Facebook,567.42,58977,993,30,501.92,0.57,18.91,-0.115,1,5,0.7,2104.39
2022-01-29,Google_Ads,674.67,41090,2064,95,1470.89,0.33,7.1,1.18,1,5,0.7,2104.39
2022-01-29,Radio_Locale,532.64,142526,79,1,11.78,6.74,532.64,-0.978,1,5,0.7,2104.39
2022-01-29,Flyers,329.66,92849,382,17,176.0,0.86,19.39,-0.466,1,5,0.7,2104.39
2022-02-05,Facebook,672.94,132930,3355,84,1155.03,0.2,8.01,0.716,2,5,1.15,2142.8
2022-02-05,Google_Ads,738.25,92744,2283,79,1999.57,0.32,9.34,1.709,2,5,1.15,2142.8
2022-02-05,Radio_Locale,459.18,148358,205,4,100.37,2.24,114.8,-0.781,2,5,1.15,2142.8
2022-02-05,Flyers,272.43,194153,1346,16,85.22,0.2,17.03,-0.687,2,5,1.15,2142.8
2022-02-12,Facebook,405.45,97806,1582,50,886.64,0.26,8.11,1.187,2,5,1.15,2137.25
2022-02-12,Google_Ads,658.29,70917,849,49,806.41,0.78,13.43,0.225,2,5,1.15,2137.25
2022-02-12,Radio_Locale,643.77,170655,92,1,9.24,7.0,643.77,-0.986,2,5,1.15,2137.25
2022-02-12,Flyers,429.74,229500,2652,44,370.78,0.16,9.77,-0.137,2,5,1.15,2137.25
2022-02-19,Facebook,634.38,111666,1638,95,678.72,0.39,6.68,0.07,2,5,1.15,2154.93
2022-02-19,Google_Ads,926.86,84219,2638,103,1946.53,0.35,9.0,1.1,2,5,1.15,2154.93
2022-02-19,Radio_Locale,198.13,80648,63,2,17.55,3.14,99.07,-0.911,2,5,1.15,2154.93
2022-02-19,Flyers,395.56,239991,1078,12,100.67,0.37,32.96,-0.745,2,5,1.15,2154.93
2022-02-26,Facebook,584.99,118719,3318,89,1575.45,0.18,6.57,1.693,2,5,1.15,2179.92
2022-02-26,Google_Ads,757.85,99259,3601,200,4550.87,0.21,3.79,5.005,2,5,1.15,2179.92
2022-02-26,Radio_Locale,538.64,213446,206,5,44.22,2.61,107.73,-0.918,2,5,1.15,2179.92
2022-02-26,Flyers,298.44,314254,2160,38,521.34,0.14,7.85,0.747,2,5,1.15,2179.92
2022-03-05,Facebook,598.78,105075,1629,35,611.65,0.37,17.11,0.021,3,5,1.26,1864.57
2022-03-05,Google_Ads,603.56,122888,3044,113,1636.58,0.2,5.34,1.712,3,5,1.26,1864.57
2022-03-05,Radio_Locale,346.43,135801,57,1,12.84,6.08,346.43,-0.963,3,5,1.26,1864.57
2022-03-05,Flyers,315.8,250880,1426,29,246.11,0.22,10.89,-0.221,3,5,1.26,1864.57
2022-03-12,Facebook,470.52,101128,2343,75,1444.0,0.2,6.27,2.069,3,5,1.26,2004.9
2022-03-12,Google_Ads,642.11,110608,2915,118,2344.4,0.22,5.44,2.651,3,5,1.26,2004.9
2022-03-12,Radio_Locale,430.71,138156,37,1,15.36,11.64,430.71,-0.964,3,5,1.26,2004.9
2022-03-12,Flyers,461.56,267689,450,4,35.77,1.03,115.39,-0.923,3,5,1.26,2004.9
2022-03-19,Facebook,540.34,191326,4445,179,1861.9,0.12,3.02,2.446,3,5,1.26,1971.52
2022-03-19,Google_Ads,696.83,61677,3668,113,3274.29,0.19,6.17,3.699,3,5,1.26,1971.52
2022-03-19,Radio_Locale,495.15,143996,18,0,0.0,27.51,0.0,-1.0,3,5,1.26,1971.52
2022-03-19,Flyers,239.2,133425,286,0,0.0,0.84,0.0,-1.0,3,5,1.26,1971.52
2022-03-26,Facebook,544.39,146981,2535,91,1286.7,0.21,5.98,1.364,3,5,1.26,1739.11
2022-03-26,Google_Ads,626.73,106900,2809,104,2556.84,0.22,6.03,3.08,3,5,1.26,1739.11
2022-03-26,Radio_Locale,299.26,112823,150,3,35.33,2.0,99.75,-0.882,3,5,1.26,1739.11
2022-03-26,Flyers,268.72,156103,1834,19,176.17,0.15,14.14,-0.344,3,5,1.26,1739.11
2022-04-02,Facebook,428.82,99663,1777,69,1096.51,0.24,6.21,1.557,4,5,1.3,1808.89
2022-04-02,Google_Ads,765.87,65793,2308,118,2053.02,0.33,6.49,1.681,4,5,1.3,1808.89
2022-04-02,Radio_Locale,385.14,217274,257,4,38.65,1.5,96.28,-0.9,4,5,1.3,1808.89
2022-04-02,Flyers,229.07,157703,911,11,73.85,0.25,20.82,-0.678,4,5,1.3,1808.89
2022-04-09,Facebook,669.82,114858,1921,19,236.8,0.35,35.25,-0.646,4,5,1.3,2019.87
2022-04-09,Google_Ads,547.08,122229,3638,122,2236.29,0.15,4.48,3.088,4,5,1.3,2019.87
2022-04-09,Radio_Locale,504.67,263144,206,3,43.12,2.45,168.22,-0.915,4,5,1.3,2019.87
2022-04-09,Flyers,298.29,241294,1653,14,147.23,0.18,21.31,-0.506,4,5,1.3,2019.87
2022-04-16,Facebook,512.06,104290,2655,65,1374.32,0.19,7.88,1.684,4,5,1.3,1917.62
2022-04-16,Google_Ads,647.19,163226,4813,291,4810.74,0.13,2.22,6.433,4,5,1.3,1917.62
2022-04-16,Radio_Locale,456.07,173657,218,1,18.94,2.09,456.07,-0.958,4,5,1.3,1917.62
2022-04-16,Flyers,302.31,244270,1080,14,110.65,0.28,21.59,-0.634,4,5,1.3,1917.62
2022-04-23,Facebook,605.33,141867,3140,118,1672.61,0.19,5.13,1.763,4,5,1.3,2095.8
2022-04-23,Google_Ads,809.98,82390,2144,61,682.58,0.38,13.28,-0.157,4,5,1.3,2095.8
2022-04-23,Radio_Locale,363.3,211471,469,9,102.18,0.77,40.37,-0.719,4,5,1.3,2095.8
2022-04-23,Flyers,317.19,210008,1652,48,649.73,0.19,6.61,1.048,4,5,1.3,2095.8
2022-04-30,Facebook,456.35,103763,1125,50,941.29,0.41,9.13,1.063,4,5,1.3,2218.84
2022-04-30,Google_Ads,980.51,99551,2699,121,2278.88,0.36,8.1,1.324,4,5,1.3,2218.84
2022-04-30,Radio_Locale,445.32,149337,186,3,25.98,2.39,148.44,-0.942,4,5,1.3,2218.84
2022-04-30,Flyers,336.66,249382,1082,11,108.01,0.31,30.61,-0.679,4,5,1.3,2218.84
2022-05-07,Facebook,661.7,239419,3957,167,1461.45,0.17,3.96,1.209,5,5,1.26,1949.0
2022-05-07,Google_Ads,403.28,40436,1329,60,822.55,0.3,6.72,1.04,5,5,1.26,1949.0
2022-05-07,Radio_Locale,465.01,216401,220,6,69.39,2.11,77.5,-0.851,5,5,1.26,1949.0
2022-05-07,Flyers,419.01,336940,1788,10,99.12,0.23,41.9,-0.763,5,5,1.26,1949.0
2022-05-14,Facebook,367.19,136821,4367,132,2155.93,0.08,2.78,4.871,5,5,1.26,1718.31
2022-05-14,Google_Ads,677.61,85549,2252,98,2558.48,0.3,6.91,2.776,5,5,1.26,1718.31
2022-05-14,Radio_Locale,231.15,79262,68,1,11.77,3.4,231.15,-0.949,5,5,1.26,1718.31
2022-05-14,Flyers,442.35,311164,554,14,132.61,0.8,31.6,-0.7,5,5,1.26,1718.31
2022-05-21,Facebook,392.87,77940,1636,31,498.99,0.24,12.67,0.27,5,5,1.26,1631.83
2022-05-21,Google_Ads,571.32,58021,1266,148,2447.06,0.45,3.86,3.283,5,5,1.26,1631.83
2022-05-21,Radio_Locale,339.28,115684,282,6,72.4,1.2,56.55,-0.787,5,5,1.26,1631.83
2022-05-21,Flyers,328.35,187412,1197,8,114.9,0.27,41.04,-0.65,5,5,1.26,1631.83
2022-05-28,Facebook,576.54,107789,2450,80,1232.2,0.24,7.21,1.137,5,5,1.26,1950.5
2022-05-28,Google_Ads,787.59,79912,3845,178,2465.13,0.2,4.42,2.13,5,5,1.26,1950.5
2022-05-28,Radio_Locale,399.33,151302,142,4,40.51,2.81,99.83,-0.899,5,5,1.26,1950.5
2022-05-28,Flyers,187.03,131435,506,16,108.84,0.37,11.69,-0.418,5,5,1.26,1950.5
2022-06-04,Facebook,486.8,63905,1077,64,1267.77,0.45,7.61,1.604,6,5,1.15,2206.37
2022-06-04,Google_Ads,841.38,101083,2912,133,1962.23,0.29,6.33,1.332,6,5,1.15,2206.37
2022-06-04,Radio_Locale,516.47,164724,296,3,39.82,1.74,172.16,-0.923,6,5,1.15,2206.37
2022-06-04,Flyers,361.72,283741,1098,20,218.22,0.33,18.09,-0.397,6,5,1.15,2206.37
2022-06-11,Facebook,462.91,102880,1742,72,1096.35,0.27,6.43,1.368,6,5,1.15,1888.9
2022-06-11,Google_Ads,751.3,108749,4132,166,3060.58,0.18,4.53,3.074,6,5,1.15,1888.9
2022-06-11,Radio_Locale,449.88,224638,155,2,38.9,2.9,224.94,-0.914,6,5,1.15,1888.9
2022-06-11,Flyers,224.81,101544,477,4,46.62,0.47,56.2,-0.793,6,5,1.15,1888.9
2022-06-18,Facebook,633.48,85797,2686,70,1247.75,0.24,9.05,0.97,6,5,1.15,2118.13
2022-06-18,Google_Ads,739.11,94704,2648,264,4594.39,0.28,2.8,5.216,6,5,1.15,2118.13
2022-06-18,Radio_Locale,371.88,96400,69,1,13.52,5.39,371.88,-0.964,6,5,1.15,2118.13
2022-06-18,Flyers,373.65,221043,1031,14,217.58,0.36,26.69,-0.418,6,5,1.15,2118.13
2022-06-25,Facebook,429.44,89802,2339,32,350.96,0.18,13.42,-0.183,6,5,1.15,1695.36
2022-06-25,Google_Ads,621.55,71751,1948,82,1151.41,0.32,7.58,0.852,6,5,1.15,1695.36
2022-06-25,Radio_Locale,407.75,221913,155,2,29.14,2.63,203.87,-0.929,6,5,1.15,1695.36
2022-06-25,Flyers,236.62,176188,1285,23,259.65,0.18,10.29,0.097,6,5,1.15,1695.36
2022-07-02,Facebook,639.58,61647,1474,18,293.96,0.43,35.53,-0.54,7,5,1.0,2039.3
2022-07-02,Google_Ads,706.33,144050,4559,59,579.51,0.15,11.97,-0.18,7,5,1.0,2039.3
2022-07-02,Radio_Locale,471.53,155727,138,1,16.85,3.42,471.53,-0.964,7,5,1.0,2039.3
2022-07-02,Flyers,221.86,264268,1555,12,82.94,0.14,18.49,-0.626,7,5,1.0,2039.3
2022-07-09,Facebook,723.26,102060,1867,99,1361.93,0.39,7.31,0.883,7,5,1.0,2114.52
2022-07-09,Google_Ads,824.73,50764,1416,109,2272.29,0.58,7.57,1.755,7,5,1.0,2114.52
2022-07-09,Radio_Locale,341.08,106128,68,1,18.65,5.02,341.08,-0.945,7,5,1.0,2114.52
2022-07-09,Flyers,225.44,121956,379,4,30.85,0.59,56.36,-0.863,7,5,1.0,2114.52
2022-07-16,Facebook,376.39,69410,1777,33,781.16,0.21,11.41,1.075,7,5,1.0,1754.85
2022-07-16,Google_Ads,639.8,48806,1255,66,1514.31,0.51,9.69,1.367,7,5,1.0,1754.85
2022-07-16,Radio_Locale,362.23,60096,124,1,13.8,2.92,362.23,-0.962,7,5,1.0,1754.85
2022-07-16,Flyers,376.42,324518,751,19,164.42,0.5,19.81,-0.563,7,5,1.0,1754.85
2022-07-23,Facebook,669.25,70652,2321,49,669.4,0.29,13.66,0.0,7,5,1.0,1743.4
2022-07-23,Google_Ads,675.48,53329,1997,105,1591.97,0.34,6.43,1.357,7,5,1.0,1743.4
2022-07-23,Radio_Locale,167.1,46252,42,0,0.0,3.98,0.0,-1.0,7,5,1.0,1743.4
2022-07-23,Flyers,231.56,96872,363,9,94.36,0.64,25.73,-0.592,7,5,1.0,1743.4
2022-07-30,Facebook,574.84,87317,2948,91,1228.39,0.19,6.32,1.137,7,5,1.0,1961.86
2022-07-30,Google_Ads,775.96,100445,5523,193,3608.68,0.14,4.02,3.651,7,5,1.0,1961.86
2022-07-30,Radio_Locale,340.28,101246,195,3,35.82,1.75,113.43,-0.895,7,5,1.0,1961.86
2022-07-30,Flyers,270.78,139972,593,15,129.55,0.46,18.05,-0.522,7,5,1.0,1961.86
2022-08-06,Facebook,757.0,106962,2056,84,1238.51,0.37,9.01,0.636,8,5,0.85,1711.99
2022-08-06,Google_Ads,674.63,168486,12090,329,3112.07,0.06,2.05,3.613,8,5,0.85,1711.99
2022-08-06,Radio_Locale,216.4,48539,68,1,12.48,3.18,216.4,-0.942,8,5,0.85,1711.99
2022-08-06,Flyers,63.95,57567,327,1,6.57,0.2,63.95,-0.897,8,5,0.85,1711.99
2022-08-13,Facebook,636.84,110558,1674,39,474.12,0.38,16.33,-0.256,8,5,0.85,1802.07
2022-08-13,Google_Ads,609.34,43554,1725,131,2212.36,0.35,4.65,2.631,8,5,0.85,1802.07
2022-08-13,Radio_Locale,260.69,77321,35,0,0.0,7.45,0.0,-1.0,8,5,0.85,1802.07
2022-08-13,Flyers,295.2,126457,475,18,99.13,0.62,16.4,-0.664,8,5,0.85,1802.07
2022-08-20,Facebook,686.2,81718,1325,65,1795.98,0.52,10.56,1.617,8,5,0.85,2061.96
2022-08-20,Google_Ads,826.72,92942,5622,314,5242.39,0.15,2.63,5.341,8,5,0.85,2061.96
2022-08-20,Radio_Locale,290.02,86834,38,0,0.0,7.63,0.0,-1.0,8,5,0.85,2061.96
2022-08-20,Flyers,259.03,136988,666,0,0.0,0.39,0.0,-1.0,8,5,0.85,2061.96
2022-08-27,Facebook,550.05,82866,1690,37,488.01,0.33,14.87,-0.113,8,5,0.85,1859.0
2022-08-27,Google_Ads,749.55,56074,1794,64,1397.48,0.42,11.71,0.864,8,5,0.85,1859.0
2022-08-27,Radio_Locale,274.65,83161,71,1,11.53,3.87,274.65,-0.958,8,5,0.85,1859.0
2022-08-27,Flyers,284.75,160982,359,0,0.0,0.79,0.0,-1.0,8,5,0.85,1859.0
2022-09-03,Facebook,677.7,95178,1951,63,801.43,0.35,10.76,0.183,9,5,0.74,1980.22
2022-09-03,Google_Ads,720.81,47795,1806,82,1515.41,0.4,8.79,1.102,9,5,0.74,1980.22
2022-09-03,Radio_Locale,303.66,92421,83,1,12.0,3.66,303.66,-0.96,9,5,0.74,1980.22
2022-09-03,Flyers,278.05,106825,138,0,0.0,2.01,0.0,-1.0,9,5,0.74,1980.22
2022-09-10,Facebook,744.7,89474,1720,63,864.54,0.43,11.82,0.161,9,5,0.74,1957.31
2022-09-10,Google_Ads,777.66,89488,715,36,726.61,1.09,21.6,-0.066,9,5,0.74,1957.31
2022-09-10,Radio_Locale,245.19,47553,25,0,0.0,9.81,0.0,-1.0,9,5,0.74,1957.31
2022-09-10,Flyers,189.76,72448,384,2,23.69,0.49,94.88,-0.875,9,5,0.74,1957.31
2022-09-17,Facebook,613.75,46803,1202,24,379.18,0.51,25.57,-0.382,9,5,0.74,1823.04
2022-09-17,Google_Ads,966.92,52546,1660,82,1455.57,0.58,11.79,0.505,9,5,0.74,1823.04
2022-09-17,Radio_Locale,147.32,28269,19,0,0.0,7.75,0.0,-1.0,9,5,0.74,1823.04
2022-09-17,Flyers,95.04,36315,131,0,0.0,0.73,0.0,-1.0,9,5,0.74,1823.04
2022-09-24,Facebook,613.52,65350,1343,71,1024.56,0.46,8.64,0.67,9,5,0.74,1715.64
2022-09-24,Google_Ads,606.18,36473,1356,65,2113.77,0.45,9.33,2.487,9,5,0.74,1715.64
2022-09-24,Radio_Locale,197.56,65518,59,0,0.0,3.35,0.0,-1.0,9,5,0.74,1715.64
2022-09-24,Flyers,298.38,132864,612,18,167.71,0.49,16.58,-0.438,9,5,0.74,1715.64
2022-10-01,Facebook,606.01,49758,1356,35,530.12,0.45,17.31,-0.125,10,5,0.7,1740.63
2022-10-01,Google_Ads,667.26,38761,1245,101,1987.94,0.54,6.61,1.979,10,5,0.7,1740.63
2022-10-01,Radio_Locale,195.77,42339,66,2,24.76,2.97,97.88,-0.874,10,5,0.7,1740.63
2022-10-01,Flyers,271.6,116600,630,5,54.01,0.43,54.32,-0.801,10,5,0.7,1740.63
2022-10-08,Facebook,623.87,59827,629,12,78.68,0.99,51.99,-0.874,10,5,0.7,2144.48
2022-10-08,Google_Ads,1015.41,76153,3951,306,7751.16,0.26,3.32,6.634,10,5,0.7,2144.48
2022-10-08,Radio_Locale,232.78,54127,36,0,0.0,6.47,0.0,-1.0,10,5,0.7,2144.48
2022-10-08,Flyers,272.42,67957,224,3,29.59,1.22,90.81,-0.891,10,5,0.7,2144.48
2022-10-15,Facebook,521.22,68946,1084,21,373.09,0.48,24.82,-0.284,10,5,0.7,2126.16
2022-10-15,Google_Ads,959.42,61851,855,67,1005.41,1.12,14.32,0.048,10,5,0.7,2126.16
2022-10-15,Radio_Locale,362.81,125575,0,0,0.0,0.0,0.0,-1.0,10,5,0.7,2126.16
2022-10-15,Flyers,282.71,156650,859,15,205.63,0.33,18.85,-0.273,10,5,0.7,2126.16
2022-10-22,Facebook,620.86,76112,1544,30,241.15,0.4,20.7,-0.612,10,5,0.7,1954.7
2022-10-22,Google_Ads,830.09,45012,1040,30,908.76,0.8,27.67,0.095,10,5,0.7,1954.7
2022-10-22,Radio_Locale,158.4,30844,6,0,0.0,26.4,0.0,-1.0,10,5,0.7,1954.7
2022-10-22,Flyers,345.36,137604,733,17,157.13,0.47,20.32,-0.545,10,5,0.7,1954.7
2022-10-29,Facebook,591.55,52803,1964,43,577.8,0.3,13.76,-0.023,10,5,0.7,1500.0
2022-10-29,Google_Ads,782.89,64337,1527,78,1694.87,0.51,10.04,1.165,10,5,0.7,1500.0
2022-10-29,Radio_Locale,13.62,2411,2,0,0.0,6.81,0.0,-1.0,10,5,0.7,1500.0
2022-10-29,Flyers,111.95,54287,112,2,19.55,1.0,55.97,-0.825,10,5,0.7,1500.0
2022-11-05,Facebook,764.99,70405,1619,26,389.25,0.47,29.42,-0.491,11,5,0.74,2013.57
2022-11-05,Google_Ads,914.71,52182,1663,116,1492.16,0.55,7.89,0.631,11,5,0.74,2013.57
2022-11-05,Radio_Locale,164.57,21399,29,0,0.0,5.67,0.0,-1.0,11,5,0.74,2013.57
2022-11-05,Flyers,169.3,55891,115,4,57.09,1.47,42.33,-0.663,11,5,0.74,2013.57
2022-11-12,Facebook,574.72,78825,1173,39,451.0,0.49,14.74,-0.215,11,5,0.74,1995.43
2022-11-12,Google_Ads,811.31,43715,1545,63,1642.42,0.53,12.88,1.024,11,5,0.74,1995.43
2022-11-12,Radio_Locale,326.32,86793,84,2,19.43,3.88,163.16,-0.94,11,5,0.74,1995.43
2022-11-12,Flyers,283.08,128130,1110,7,63.47,0.26,40.44,-0.776,11,5,0.74,1995.43
2022-11-19,Facebook,762.97,56741,749,25,381.49,1.02,30.52,-0.5,11,5,0.74,2126.94
2022-11-19,Google_Ads,877.53,63564,2741,128,2998.56,0.32,6.86,2.417,11,5,0.74,2126.94
2022-11-19,Radio_Locale,204.66,42568,21,0,0.0,9.75,0.0,-1.0,11,5,0.74,2126.94
2022-11-19,Flyers,281.79,114959,573,7,101.62,0.49,40.26,-0.639,11,5,0.74,2126.94
2022-11-26,Facebook,748.53,110242,2636,42,1603.6,0.28,17.82,1.142,11,5,0.74,2342.12
2022-11-26,Google_Ads,953.82,83242,1609,107,2153.3,0.59,8.91,1.258,11,5,0.74,2342.12
2022-11-26,Radio_Locale,264.39,40614,50,1,7.07,5.29,264.39,-0.973,11,5,0.74,2342.12
2022-11-26,Flyers,375.38,151661,1015,13,174.34,0.37,28.88,-0.536,11,5,0.74,2342.12
2022-12-03,Facebook,732.76,114104,1589,53,975.51,0.46,13.83,0.331,12,5,1.19,1877.65
2022-12-03,Google_Ads,897.35,85350,1340,57,1125.98,0.67,15.74,0.255,12,5,1.19,1877.65
2022-12-03,Radio_Locale,166.49,73753,102,2,29.02,1.63,83.24,-0.826,12,5,1.19,1877.65
2022-12-03,Flyers,81.05,104390,492,10,79.4,0.16,8.1,-0.02,12,5,1.19,1877.65
2022-12-10,Facebook,902.21,166196,2312,75,1160.97,0.39,12.03,0.287,12,5,1.19,2179.37
2022-12-10,Google_Ads,1081.95,189538,8996,501,7828.24,0.12,2.16,6.235,12,5,1.19,2179.37
2022-12-10,Radio_Locale,3.96,1663,1,0,0.0,3.96,0.0,-1.0,12,5,1.19,2179.37
2022-12-10,Flyers,191.25,178295,714,15,107.69,0.27,12.75,-0.437,12,5,1.19,2179.37
2022-12-17,Facebook,722.74,159028,4094,132,1952.25,0.18,5.48,1.701,12,5,1.19,1870.75
2022-12-17,Google_Ads,638.77,150261,5427,149,3188.68,0.12,4.29,3.992,12,5,1.19,1870.75
2022-12-17,Radio_Locale,252.95,108747,74,2,26.5,3.42,126.47,-0.895,12,5,1.19,1870.75
2022-12-17,Flyers,256.3,215591,1582,46,304.55,0.16,5.57,0.188,12,5,1.19,1870.75
2022-12-24,Facebook,673.55,131459,3254,84,1024.45,0.21,8.02,0.521,12,5,1.19,2084.81
2022-12-24,Google_Ads,926.82,92919,3172,138,3456.76,0.29,6.72,2.73,12,5,1.19,2084.81
2022-12-24,Radio_Locale,271.41,146929,158,3,70.72,1.72,90.47,-0.739,12,5,1.19,2084.81
2022-12-24,Flyers,213.03,151920,790,8,83.45,0.27,26.63,-0.608,12,5,1.19,2084.81
2022-12-31,Facebook,844.81,100162,1958,35,683.51,0.43,24.14,-0.191,12,5,1.19,2414.82
2022-12-31,Google_Ads,898.54,91983,4567,210,4596.21,0.2,4.28,4.115,12,5,1.19,2414.82
2022-12-31,Radio_Locale,239.49,93718,82,2,27.97,2.92,119.75,-0.883,12,5,1.19,2414.82
2022-12-31,Flyers,431.98,484380,1626,37,205.1,0.27,11.68,-0.525,12,5,1.19,2414.82
2023-01-07,Facebook,712.44,83358,847,47,787.91,0.84,15.16,0.106,1,5,0.7,2057.11
2023-01-07,Google_Ads,914.32,59334,2122,108,2498.26,0.43,8.47,1.732,1,5,0.7,2057.11
2023-01-07,Radio_Locale,236.38,63128,90,2,28.25,2.63,118.19,-0.88,1,5,0.7,2057.11
2023-01-07,Flyers,193.97,70270,511,10,104.1,0.38,19.4,-0.463,1,5,0.7,2057.11
2023-01-14,Facebook,705.46,73694,928,32,339.98,0.76,22.05,-0.518,1,5,0.7,1967.39
2023-01-14,Google_Ads,940.22,79746,2132,48,1791.13,0.44,19.59,0.905,1,5,0.7,1967.39
2023-01-14,Radio_Locale,194.99,51564,34,1,18.98,5.74,194.99,-0.903,1,5,0.7,1967.39
2023-01-14,Flyers,126.72,36679,235,2,25.69,0.54,63.36,-0.797,1,5,0.7,1967.39
2023-01-21,Facebook,1058.37,123425,2819,59,911.12,0.38,17.94,-0.139,1,5,0.7,2551.93
2023-01-21,Google_Ads,1221.09,86981,3248,155,2828.29,0.38,7.88,1.316,1,5,0.7,2551.93
2023-01-21,Radio_Locale,255.36,66051,86,1,12.45,2.97,255.36,-0.951,1,5,0.7,2551.93
2023-01-21,Flyers,17.12,7701,28,0,0.0,0.61,0.0,-1.0,1,5,0.7,2551.93
2023-01-28,Facebook,745.54,63788,910,16,411.1,0.82,46.6,-0.449,1,5,0.7,2017.73
2023-01-28,Google_Ads,873.32,100762,2760,132,2149.27,0.32,6.62,1.461,1,5,0.7,2017.73
2023-01-28,Radio_Locale,148.39,38896,51,1,14.54,2.91,148.39,-0.902,1,5,0.7,2017.73
2023-01-28,Flyers,250.48,158147,383,11,73.71,0.65,22.77,-0.706,1,5,0.7,2017.73
2023-02-04,Facebook,768.37,83177,1894,80,699.83,0.41,9.6,-0.089,2,5,1.15,2120.64
2023-02-04,Google_Ads,1054.62,107478,4604,226,4284.4,0.23,4.67,3.063,2,5,1.15,2120.64
2023-02-04,Radio_Locale,203.77,61112,58,1,15.91,3.51,203.77,-0.922,2,5,1.15,2120.64
2023-02-04,Flyers,93.88,95471,200,3,34.82,0.47,31.29,-0.629,2,5,1.15,2120.64
2023-02-11,Facebook,622.89,71236,1441,46,620.21,0.43,13.54,-0.004,2,5,1.15,1679.82
2023-02-11,Google_Ads,899.23,101104,2680,93,2131.12,0.34,9.67,1.37,2,5,1.15,1679.82
2023-02-11,Radio_Locale,1.93,964,0,0,0.0,0.0,0.0,-1.0,2,5,1.15,1679.82
2023-02-11,Flyers,155.77,70647,122,2,27.59,1.28,77.88,-0.823,2,5,1.15,1679.82
2023-02-18,Facebook,651.65,151412,2298,41,612.07,0.28,15.89,-0.061,2,5,1.15,2274.57
2023-02-18,Google_Ads,1409.81,172965,5009,237,3613.21,0.28,5.95,1.563,2,5,1.15,2274.57
2023-02-18,Radio_Locale,23.42,10286,13,0,0.0,1.8,0.0,-1.0,2,5,1.15,2274.57
2023-02-18,Flyers,189.69,102549,435,5,41.09,0.44,37.94,-0.783,2,5,1.15,2274.57
2023-02-25,Facebook,665.98,95055,2100,64,422.71,0.32,10.41,-0.365,2,5,1.15,1928.33
2023-02-25,Google_Ads,1020.54,86797,2062,151,2427.02,0.49,6.76,1.378,2,5,1.15,1928.33
2023-02-25,Radio_Locale,136.79,41606,71,0,0.0,1.93,0.0,-1.0,2,5,1.15,1928.33
2023-02-25,Flyers,105.02,58822,227,7,54.09,0.46,15.0,-0.485,2,5,1.15,1928.33
2023-03-04,Facebook,492.12,58410,1089,35,700.19,0.45,14.06,0.423,3,5,1.26,1915.85
2023-03-04,Google_Ads,1008.91,104225,2950,159,2247.43,0.34,6.35,1.228,3,5,1.26,1915.85
2023-03-04,Radio_Locale,200.27,72629,68,0,0.0,2.95,0.0,-1.0,3,5,1.26,1915.85
2023-03-04,Flyers,214.55,159197,698,6,70.84,0.31,35.76,-0.67,3,5,1.26,1915.85
2023-03-11,Facebook,630.15,195535,6260,155,1410.08,0.1,4.07,1.238,3,5,1.26,1833.91
2023-03-11,Google_Ads,796.44,124029,4388,294,4778.59,0.18,2.71,5.0,3,5,1.26,1833.91
2023-03-11,Radio_Locale,226.08,68794,116,1,10.8,1.95,226.08,-0.952,3,5,1.26,1833.91
2023-03-11,Flyers,181.24,92833,531,10,68.28,0.34,18.12,-0.623,3,5,1.26,1833.91
2023-03-18,Facebook,597.87,107428,2161,67,752.39,0.28,8.92,0.258,3,5,1.26,1985.68
2023-03-18,Google_Ads,939.35,274110,11092,610,7785.07,0.08,1.54,7.288,3,5,1.26,1985.68
2023-03-18,Radio_Locale,229.65,71389,23,0,0.0,9.98,0.0,-1.0,3,5,1.26,1985.68
2023-03-18,Flyers,218.81,208692,628,1,10.14,0.35,218.81,-0.954,3,5,1.26,1985.68
2023-03-25,Facebook,746.22,108682,3007,149,1786.23,0.25,5.01,1.394,3,5,1.26,1776.7
2023-03-25,Google_Ads,817.98,125190,5027,209,5054.78,0.16,3.91,5.18,3,5,1.26,1776.7
2023-03-25,Radio_Locale,66.08,18549,1,0,0.0,66.08,0.0,-1.0,3,5,1.26,1776.7
2023-03-25,Flyers,146.42,150375,735,12,119.86,0.2,12.2,-0.181,3,5,1.26,1776.7
2023-04-01,Facebook,731.9,130526,3413,67,772.54,0.21,10.92,0.056,4,5,1.3,2268.09
2023-04-01,Google_Ads,1249.0,144529,3195,147,5031.21,0.39,8.5,3.028,4,5,1.3,2268.09
2023-04-01,Radio_Locale,244.81,88246,68,2,21.61,3.6,122.41,-0.912,4,5,1.3,2268.09
2023-04-01,Flyers,42.37,29923,101,1,13.26,0.42,42.37,-0.687,4,5,1.3,2268.09
2023-04-08,Facebook,690.19,131073,2276,46,693.61,0.3,15.0,0.005,4,5,1.3,1741.55
2023-04-08,Google_Ads,780.28,77433,2183,132,2410.77,0.36,5.91,2.09,4,5,1.3,1741.55
2023-04-08,Radio_Locale,123.09,69778,109,2,21.5,1.13,61.55,-0.825,4,5,1.3,1741.55
2023-04-08,Flyers,147.98,77786,240,0,0.0,0.62,0.0,-1.0,4,5,1.3,1741.55
2023-04-15,Facebook,666.67,151089,2607,95,1314.66,0.26,7.02,0.972,4,5,1.3,2138.58
2023-04-15,Google_Ads,1108.01,159713,7782,292,5559.81,0.14,3.79,4.018,4,5,1.3,2138.58
2023-04-15,Radio_Locale,300.38,91397,134,3,22.86,2.24,100.13,-0.924,4,5,1.3,2138.58
2023-04-15,Flyers,63.52,78917,170,3,34.37,0.37,21.17,-0.459,4,5,1.3,2138.58
2023-04-22,Facebook,644.18,75403,1668,47,899.6,0.39,13.71,0.396,4,5,1.3,2017.18
2023-04-22,Google_Ads,1157.44,190503,7814,283,6658.61,0.15,4.09,4.753,4,5,1.3,2017.18
2023-04-22,Radio_Locale,28.24,7830,3,0,0.0,9.41,0.0,-1.0,4,5,1.3,2017.18
2023-04-22,Flyers,187.32,159369,225,2,42.89,0.83,93.66,-0.771,4,5,1.3,2017.18
2023-04-29,Facebook,826.86,135233,3809,60,1053.68,0.22,13.78,0.274,4,5,1.3,2077.92
2023-04-29,Google_Ads,1281.41,222650,7207,544,9812.05,0.18,2.36,6.657,4,5,1.3,2077.92
2023-04-29,Radio_Locale,-195.86,0,0,0,0.0,0.0,0.0,0.0,4,5,1.3,2077.92
2023-04-29,Flyers,165.51,113576,945,20,199.94,0.18,8.28,0.208,4,5,1.3,2077.92
2023-05-06,Facebook,796.03,326338,4184,209,3239.83,0.19,3.81,3.07,5,5,1.26,2247.49
2023-05-06,Google_Ads,1099.67,153693,6432,335,4431.17,0.17,3.28,3.03,5,5,1.26,2247.49
2023-05-06,Radio_Locale,113.51,63957,48,1,14.43,2.36,113.51,-0.873,5,5,1.26,2247.49
2023-05-06,Flyers,238.28,150676,897,15,208.7,0.27,15.89,-0.124,5,5,1.26,2247.49
2023-05-13,Facebook,785.22,144104,3478,114,2708.34,0.23,6.89,2.449,5,5,1.26,2139.58
2023-05-13,Google_Ads,1036.01,80075,2602,101,1441.88,0.4,10.26,0.392,5,5,1.26,2139.58
2023-05-13,Radio_Locale,130.68,51710,81,0,0.0,1.61,0.0,-1.0,5,5,1.26,2139.58
2023-05-13,Flyers,187.66,172174,1145,23,211.12,0.16,8.16,0.125,5,5,1.26,2139.58
2023-05-20,Facebook,711.75,110041,1630,42,1110.65,0.44,16.95,0.56,5,5,1.26,2092.64
2023-05-20,Google_Ads,1223.32,245500,8652,480,8971.08,0.14,2.55,6.333,5,5,1.26,2092.64
2023-05-20,Radio_Locale,-41.74,0,0,0,0.0,0.0,0.0,0.0,5,5,1.26,2092.64
2023-05-20,Flyers,199.31,135440,965,29,290.58,0.21,6.87,0.458,5,5,1.26,2092.64
2023-05-27,Facebook,894.58,149790,4036,94,1456.41,0.22,9.52,0.628,5,5,1.26,2218.2
2023-05-27,Google_Ads,1023.26,111067,1682,136,2004.25,0.61,7.52,0.959,5,5,1.26,2218.2
2023-05-27,Radio_Locale,95.67,54146,102,3,34.28,0.94,31.89,-0.642,5,5,1.26,2218.2
2023-05-27,Flyers,204.68,141820,912,18,161.93,0.22,11.37,-0.209,5,5,1.26,2218.2
2023-06-03,Facebook,922.43,123563,1085,26,499.08,0.85,35.48,-0.459,6,5,1.15,2310.83
2023-06-03,Google_Ads,1132.56,89259,2918,115,2119.84,0.39,9.85,0.872,6,5,1.15,2310.83
2023-06-03,Radio_Locale,127.95,35785,51,0,0.0,2.51,0.0,-1.0,6,5,1.15,2310.83
2023-06-03,Flyers,127.89,73322,306,3,36.47,0.42,42.63,-0.715,6,5,1.15,2310.83
2023-06-10,Facebook,743.32,100092,1669,27,320.38,0.45,27.53,-0.569,6,5,1.15,1943.02
2023-06-10,Google_Ads,982.59,122274,4043,275,3983.32,0.24,3.57,3.054,6,5,1.15,1943.02
2023-06-10,Radio_Locale,60.78,18679,1,0,0.0,60.78,0.0,-1.0,6,5,1.15,1943.02
2023-06-10,Flyers,156.33,120621,146,2,15.61,1.07,78.17,-0.9,6,5,1.15,1943.02
2023-06-17,Facebook,781.7,133895,2693,21,408.58,0.29,37.22,-0.477,6,5,1.15,2347.77
2023-06-17,Google_Ads,1256.38,97606,3580,192,5925.24,0.35,6.54,3.716,6,5,1.15,2347.77
2023-06-17,Radio_Locale,148.39,63895,63,0,0.0,2.36,0.0,-1.0,6,5,1.15,2347.77
2023-06-17,Flyers,161.3,159602,1300,7,78.39,0.12,23.04,-0.514,6,5,1.15,2347.77
2023-06-24,Facebook,722.23,106770,1713,34,555.03,0.42,21.24,-0.232,6,5,1.15,1892.18
2023-06-24,Google_Ads,1098.54,159765,6322,452,7701.31,0.17,2.43,6.011,6,5,1.15,1892.18
2023-06-24,Radio_Locale,-52.18,0,0,0,0.0,0.0,0.0,0.0,6,5,1.15,1892.18
2023-06-24,Flyers,123.58,74645,392,0,0.0,0.32,0.0,-1.0,6,5,1.15,1892.18
2023-07-01,Facebook,825.59,369011,4343,273,3258.11,0.19,3.02,2.946,7,5,1.0,1894.75
2023-07-01,Google_Ads,889.19,85692,2213,143,1883.3,0.4,6.22,1.118,7,5,1.0,1894.75
2023-07-01,Radio_Locale,78.8,34130,23,0,0.0,3.43,0.0,-1.0,7,5,1.0,1894.75
2023-07-01,Flyers,101.17,46895,173,3,29.99,0.58,33.72,-0.704,7,5,1.0,1894.75
2023-07-08,Facebook,789.51,77371,2419,95,1266.93,0.33,8.31,0.605,7,5,1.0,1987.16
2023-07-08,Google_Ads,1049.59,135946,3761,115,1643.95,0.28,9.13,0.566,7,5,1.0,1987.16
2023-07-08,Radio_Locale,32.91,8963,3,0,0.0,10.97,0.0,-1.0,7,5,1.0,1987.16
2023-07-08,Flyers,115.15,67638,480,3,36.01,0.24,38.38,-0.687,7,5,1.0,1987.16
2023-07-15,Facebook,719.41,118493,1791,60,493.98,0.4,11.99,-0.313,7,5,1.0,1835.1
2023-07-15,Google_Ads,971.48,59411,3096,152,3478.54,0.31,6.39,2.581,7,5,1.0,1835.1
2023-07-15,Radio_Locale,-63.58,0,0,0,0.0,0.0,0.0,0.0,7,5,1.0,1835.1
2023-07-15,Flyers,207.78,76126,535,12,124.87,0.39,17.32,-0.399,7,5,1.0,1835.1
2023-07-22,Facebook,849.23,148980,3212,180,1550.39,0.26,4.72,0.826,7,5,1.0,1751.65
2023-07-22,Google_Ads,1056.88,101906,6035,112,1423.42,0.18,9.44,0.347,7,5,1.0,1751.65
2023-07-22,Radio_Locale,-157.76,0,0,0,0.0,0.0,0.0,0.0,7,5,1.0,1751.65
2023-07-22,Flyers,3.3,1419,10,0,0.0,0.33,0.0,-1.0,7,5,1.0,1751.65
2023-07-29,Facebook,895.06,144746,3612,61,1521.83,0.25,14.67,0.7,7,5,1.0,2011.8
2023-07-29,Google_Ads,1080.82,109630,4432,265,4610.87,0.24,4.08,3.266,7,5,1.0,2011.8
2023-07-29,Radio_Locale,47.15,17290,13,0,0.0,3.63,0.0,-1.0,7,5,1.0,2011.8
2023-07-29,Flyers,-11.24,0,0,0,0.0,0.0,0.0,0.0,7,5,1.0,2011.8
2023-08-05,Facebook,856.36,102442,2125,41,848.35,0.4,20.89,-0.009,8,5,0.85,2340.5
2023-08-05,Google_Ads,1267.02,90908,4395,135,5193.51,0.29,9.39,3.099,8,5,0.85,2340.5
2023-08-05,Radio_Locale,-51.92,0,0,0,0.0,0.0,0.0,0.0,8,5,0.85,2340.5
2023-08-05,Flyers,269.03,154501,1178,23,397.92,0.23,11.7,0.479,8,5,0.85,2340.5
2023-08-12,Facebook,810.32,136903,3760,139,1440.6,0.22,5.83,0.778,8,5,0.85,2090.12
2023-08-12,Google_Ads,1233.72,132971,3526,278,3865.22,0.35,4.44,2.133,8,5,0.85,2090.12
2023-08-12,Radio_Locale,-14.8,0,0,0,0.0,0.0,0.0,0.0,8,5,0.85,2090.12
2023-08-12,Flyers,60.88,32823,244,3,36.6,0.25,20.29,-0.399,8,5,0.85,2090.12
2023-08-19,Facebook,899.98,84950,1300,1,14.03,0.69,899.98,-0.984,8,5,0.85,2094.01
2023-08-19,Google_Ads,1212.85,73835,2643,93,1962.1,0.46,13.04,0.618,8,5,0.85,2094.01
2023-08-19,Radio_Locale,-0.13,0,0,0,0.0,0.0,0.0,0.0,8,5,0.85,2094.01
2023-08-19,Flyers,-18.7,0,0,0,0.0,0.0,0.0,0.0,8,5,0.85,2094.01
2023-08-26,Facebook,745.26,83199,2550,80,1060.79,0.29,9.32,0.423,8,5,0.85,1779.27
2023-08-26,Google_Ads,951.02,159193,6603,150,2346.01,0.14,6.34,1.467,8,5,0.85,1779.27
2023-08-26,Radio_Locale,129.32,27062,14,0,0.0,9.24,0.0,-1.0,8,5,0.85,1779.27
2023-08-26,Flyers,-46.34,0,0,0,0.0,0.0,0.0,0.0,8,5,0.85,1779.27
2023-09-02,Facebook,717.64,80198,1114,22,358.82,0.64,32.62,-0.5,9,5,0.74,2144.3
2023-09-02,Google_Ads,1158.46,128892,5144,202,4000.86,0.23,5.73,2.454,9,5,0.74,2144.3
2023-09-02,Radio_Locale,134.44,29245,80,0,0.0,1.68,0.0,-1.0,9,5,0.74,2144.3
2023-09-02,Flyers,133.76,59777,83,1,10.75,1.61,133.76,-0.92,9,5,0.74,2144.3
2023-09-09,Facebook,644.86,84524,951,42,782.53,0.68,15.35,0.213,9,5,0.74,1823.79
2023-09-09,Google_Ads,1030.83,70421,1861,100,1899.52,0.55,10.31,0.843,9,5,0.74,1823.79
2023-09-09,Radio_Locale,115.57,24902,17,0,0.0,6.8,0.0,-1.0,9,5,0.74,1823.79
2023-09-09,Flyers,32.53,10197,54,0,0.0,0.6,0.0,-1.0,9,5,0.74,1823.79
2023-09-16,Facebook,807.68,128738,2739,131,1455.8,0.29,6.17,0.802,9,5,0.74,2067.6
2023-09-16,Google_Ads,1125.81,64857,3031,307,3509.39,0.37,3.67,2.117,9,5,0.74,2067.6
2023-09-16,Radio_Locale,174.37,47341,68,0,0.0,2.56,0.0,-1.0,9,5,0.74,2067.6
2023-09-16,Flyers,-40.26,0,0,0,0.0,0.0,0.0,0.0,9,5,0.74,2067.6
2023-09-23,Facebook,684.67,134953,1665,40,622.19,0.41,17.12,-0.091,9,5,0.74,2182.75
2023-09-23,Google_Ads,1265.76,83053,2000,132,2158.2,0.63,9.59,0.705,9,5,0.74,2182.75
2023-09-23,Radio_Locale,39.26,9372,11,0,0.0,3.57,0.0,-1.0,9,5,0.74,2182.75
2023-09-23,Flyers,193.07,98168,273,0,0.0,0.71,0.0,-1.0,9,5,0.74,2182.75
2023-09-30,Facebook,939.72,74421,1902,31,320.72,0.49,30.31,-0.659,9,5,0.74,2035.55
2023-09-30,Google_Ads,1201.4,64077,2478,120,3186.14,0.48,10.01,1.652,9,5,0.74,2035.55
2023-09-30,Radio_Locale,-33.09,0,0,0,0.0,0.0,0.0,0.0,9,5,0.74,2035.55
2023-09-30,Flyers,-72.48,0,0,0,0.0,0.0,0.0,0.0,9,5,0.74,2035.55
2023-10-07,Facebook,693.27,44146,734,20,454.76,0.94,34.66,-0.344,10,5,0.7,2087.2
2023-10-07,Google_Ads,1384.47,91416,2162,92,1088.44,0.64,15.05,-0.214,10,5,0.7,2087.2
2023-10-07,Radio_Locale,-19.3,0,0,0,0.0,0.0,0.0,0.0,10,5,0.7,2087.2
2023-10-07,Flyers,28.76,10801,96,2,22.62,0.3,14.38,-0.213,10,5,0.7,2087.2
2023-10-14,Facebook,768.02,78993,1076,34,441.59,0.71,22.59,-0.425,10,5,0.7,1877.18
2023-10-14,Google_Ads,1141.2,299039,13662,1471,21567.15,0.08,0.78,17.899,10,5,0.7,1877.18
2023-10-14,Radio_Locale,30.4,5891,9,0,0.0,3.38,0.0,-1.0,10,5,0.7,1877.18
2023-10-14,Flyers,-62.45,0,0,0,0.0,0.0,0.0,0.0,10,5,0.7,1877.18
2023-10-21,Facebook,1230.09,139994,1690,33,909.6,0.73,37.28,-0.261,10,5,0.7,2230.72
2023-10-21,Google_Ads,1367.26,120667,4534,168,3325.73,0.3,8.14,1.432,10,5,0.7,2230.72
2023-10-21,Radio_Locale,-370.73,0,0,0,0.0,0.0,0.0,0.0,10,5,0.7,2230.72
2023-10-21,Flyers,4.09,1591,12,0,0.0,0.34,0.0,-1.0,10,5,0.7,2230.72
2023-10-28,Facebook,879.69,77281,510,12,288.0,1.72,73.31,-0.673,10,5,0.7,2095.09
2023-10-28,Google_Ads,1332.74,170319,3431,432,8993.11,0.39,3.09,5.748,10,5,0.7,2095.09
2023-10-28,Radio_Locale,91.21,16916,10,0,0.0,9.12,0.0,-1.0,10,5,0.7,2095.09
2023-10-28,Flyers,-208.56,0,0,0,0.0,0.0,0.0,0.0,10,5,0.7,2095.09
2023-11-04,Facebook,1088.53,108377,1530,47,653.71,0.71,23.16,-0.399,11,5,0.74,2069.34
2023-11-04,Google_Ads,941.64,75030,2451,213,3296.1,0.38,4.42,2.5,11,5,0.74,2069.34
2023-11-04,Radio_Locale,-54.03,0,0,0,0.0,0.0,0.0,0.0,11,5,0.74,2069.34
2023-11-04,Flyers,93.19,27037,246,1,11.4,0.38,93.19,-0.878,11,5,0.74,2069.34
2023-11-11,Facebook,835.77,72948,1755,31,602.12,0.48,26.96,-0.28,11,5,0.74,1920.75
2023-11-11,Google_Ads,1040.34,46944,2071,81,1564.24,0.5,12.84,0.504,11,5,0.74,1920.75
2023-11-11,Radio_Locale,147.09,34630,37,0,0.0,3.98,0.0,-1.0,11,5,0.74,1920.75
2023-11-11,Flyers,-102.45,0,0,0,0.0,0.0,0.0,0.0,11,5,0.74,1920.75
2023-11-18,Facebook,909.92,123270,2145,90,1349.32,0.42,10.11,0.483,11,5,0.74,1833.14
2023-11-18,Google_Ads,964.64,63845,1690,70,1296.3,0.57,13.78,0.344,11,5,0.74,1833.14
2023-11-18,Radio_Locale,-121.46,0,0,0,0.0,0.0,0.0,0.0,11,5,0.74,1833.14
2023-11-18,Flyers,80.03,39782,155,0,0.0,0.52,0.0,-1.0,11,5,0.74,1833.14
2023-11-25,Facebook,969.3,98831,2717,96,1721.3,0.36,10.1,0.776,11,5,0.74,2062.48
2023-11-25,Google_Ads,1012.77,65376,2320,172,3312.7,0.44,5.89,2.271,11,5,0.74,2062.48
2023-11-25,Radio_Locale,3.44,748,0,0,0.0,0.0,0.0,-1.0,11,5,0.74,2062.48
2023-11-25,Flyers,76.96,24702,195,4,36.64,0.39,19.24,-0.524,11,5,0.74,2062.48
2023-12-02,Facebook,1164.08,193710,2631,107,2425.77,0.44,10.88,1.084,12,5,1.19,2213.03
2023-12-02,Google_Ads,1226.18,384686,13721,657,22851.52,0.09,1.87,17.636,12,5,1.19,2213.03
2023-12-02,Radio_Locale,-179.94,0,0,0,0.0,0.0,0.0,0.0,12,5,1.19,2213.03
2023-12-02,Flyers,2.72,4673,33,0,0.0,0.08,0.0,-1.0,12,5,1.19,2213.03
2023-12-09,Facebook,925.24,119583,3270,81,776.45,0.28,11.42,-0.161,12,5,1.19,1968.13
2023-12-09,Google_Ads,1138.46,147739,4283,426,8157.99,0.27,2.67,6.166,12,5,1.19,1968.13
2023-12-09,Radio_Locale,-166.0,0,0,0,0.0,0.0,0.0,0.0,12,5,1.19,1968.13
2023-12-09,Flyers,70.43,73167,468,9,82.18,0.15,7.83,0.167,12,5,1.19,1968.13
2023-12-16,Facebook,1007.01,162169,3781,84,1151.3,0.27,11.99,0.143,12,5,1.19,1645.79
2023-12-16,Google_Ads,1077.13,157820,6292,401,8571.85,0.17,2.69,6.958,12,5,1.19,1645.79
2023-12-16,Radio_Locale,-225.03,0,0,0,0.0,0.0,0.0,0.0,12,5,1.19,1645.79
2023-12-16,Flyers,-213.33,0,0,0,0.0,0.0,0.0,0.0,12,5,1.19,1645.79
2023-12-23,Facebook,1042.33,197519,4148,103,1200.65,0.25,10.12,0.152,12,5,1.19,2084.04
2023-12-23,Google_Ads,1548.35,247492,11085,321,6311.36,0.14,4.82,3.076,12,5,1.19,2084.04
2023-12-23,Radio_Locale,-282.08,0,0,0,0.0,0.0,0.0,0.0,12,5,1.19,2084.04
2023-12-23,Flyers,-224.56,0,0,0,0.0,0.0,0.0,0.0,12,5,1.19,2084.04
2023-12-30,Facebook,750.57,196206,3001,92,980.78,0.25,8.16,0.307,12,5,1.19,1970.01
2023-12-30,Google_Ads,1138.28,156463,6176,365,4604.48,0.18,3.12,3.045,12,5,1.19,1970.01
2023-12-30,Radio_Locale,-48.67,0,0,0,0.0,0.0,0.0,0.0,12,5,1.19,1970.01
2023-12-30,Flyers,129.83,88926,123,2,21.07,1.06,64.92,-0.838,12,5,1.19,1970.01
